"","sp6","sp3","sp8"
"test_trait",-1.80695110886973,-0.135892289686233,-1.20066005867772
